{
  "epoch": 177,
  "train_loss": [
    4.994562237183629,
    4.780783452128912,
    4.633669575243765,
    4.531085855022991,
    4.455016741820422,
    4.39097107304216,
    4.3376830765421355,
    4.2914943197892175,
    4.251318816325111,
    4.214549649948192,
    4.180551933451286,
    4.148257348209761,
    4.1169339695247995,
    4.086479575713099,
    4.059930790092142,
    4.032571375652512,
    4.007305092156216,
    3.9845851179547784,
    3.963717667412419,
    3.943342231461222,
    3.9233517240009035,
    3.9054359689143032,
    3.887881777297829,
    3.8705075419909583,
    3.8541845676458277,
    3.8382526766067433,
    3.823777543424995,
    3.8088317188606444,
    3.7938195777730352,
    3.7822190110717337,
    3.7697731002247163,
    3.757121374256803,
    3.744963483222853,
    3.7355524499269457,
    3.7233066773527606,
    3.7136919035165796,
    3.704008380383677,
    3.6951963980615985,
    3.68515408999547,
    3.675994250446699,
    3.666419614547802,
    3.658368005571772,
    3.651243591760572,
    3.6413429506582107,
    3.6351046121515935,
    3.626337000544037,
    3.6190836904173214,
    3.6122624670724734,
    3.6039861389811003,
    3.597200870513916,
    3.5912480693292843,
    3.583137276048344,
    3.5770803514815053,
    3.572228079158548,
    3.563509298161873,
    3.5585321894189192,
    3.554348269910044,
    3.547136771170449,
    3.541802346423904,
    3.53720988933509,
    3.5306725807099544,
    3.525759701480233,
    3.5205647595120833,
    3.514441649495708,
    3.5094730221264734,
    3.504574188123947,
    3.5001127855472656,
    3.4952024984133754,
    3.4907440416055833,
    3.485373500399115,
    3.4808559722809993,
    3.477061054717873,
    3.472426483416444,
    3.4678001776690732,
    3.4645546228399775,
    3.4589829162398784,
    3.4566202468781673,
    3.4534626933635693,
    3.45527394122987,
    3.449899363856745,
    3.446454304654451,
    3.4410814312397022,
    3.437737829877302,
    3.4330717172667877,
    3.5226294658802173,
    3.5011957115597196,
    3.481335170180709,
    3.460823580070778,
    3.441937212590818,
    3.424002202351888,
    3.4072063348911428,
    3.3910722423482826,
    3.377557666213424,
    3.364046573638916,
    3.3517640352249147,
    3.340458567937215,
    3.3293793916702272,
    3.317027781627796,
    3.30660798991168,
    3.2958952691819934,
    3.2853493646339134,
    3.2775152338875664,
    3.268955515932154,
    3.2611930838337653,
    3.2525888513635706,
    3.244973495271471,
    3.238325014820805,
    3.2321310423038625,
    3.2254502843927453,
    3.2173963802832146,
    3.211923271638376,
    3.2053963634702893,
    3.199840275446574,
    3.195777572525872,
    3.1897634205994785,
    3.185073655622977,
    3.1804993514661435,
    3.1769411466739794,
    3.17065989529645,
    3.1665608626824837,
    3.1632763995064628,
    3.1603640688790215,
    3.1535505224157263,
    3.1504360569847956,
    3.2369441244337294,
    3.2303035109131426,
    3.2283614767922297,
    3.2206148889329698,
    3.2148332127818353,
    3.209485474339238,
    3.2038186444176566,
    3.1969455109702216,
    3.1945128944185046,
    3.1904444297154746,
    3.185488154270031,
    3.18012667938515,
    3.1779917814113476,
    3.171723954765885,
    3.169091229968601,
    3.1650191889868844,
    3.162323230284232,
    3.1598922190842806,
    3.157332194292987,
    3.153006116549174,
    3.150673767372414,
    3.1463860935635037,
    3.1447337141743414,
    3.142270012255068,
    3.140793149559586,
    3.1383146780508535,
    3.1363201627024897,
    3.130743290759899,
    3.1300686597824097,
    3.1297338962554933,
    3.1256279927712898,
    3.1244366539849175,
    3.1237891806496516,
    3.119206538023772,
    3.117900028935185,
    3.1145800784782125,
    3.1154030561447144,
    3.1124820647416294,
    3.1113888687557645,
    3.110335840119256,
    3.106940334814566,
    3.107403677481192,
    3.1058936534104524,
    3.1060052898195054,
    3.1026713494901306,
    3.1031712894086483,
    3.1016459314911455,
    3.1000521262486775,
    3.0968935789885346,
    3.0975198295381334
  ],