{
  "epoch": 81,
  "train_loss": [
    5.171990085496262,
    4.453690724881741,
    4.206365623021785,
    4.059406112776443,
    3.951242356432285,
    3.865678740113149,
    3.7813089289684068,
    3.7114822006979478,
    3.6517432423919556,
    3.6021548938374273,
    3.5615806928265235,
    3.5241407792087602,
    3.490336282451162,
    3.4606712731448086,
    3.4339024266706626,
    3.409970232620541,
    3.387005567550659,
    3.3682224137980947,
    3.3507271039156103,
    3.3329957426772285,
    3.318754323386392,
    3.303827623133603,
    3.2900435981071983,
    3.277470474657805,
    3.2662871590716094,
    3.2555236976608457,
    3.2450461453599893,
    3.2351720088084224,
    3.225158338019028,
    3.2182215042265034,
    3.2087756145613,
    3.200976115441605,
    3.1943491504126387,
    3.1878026351627153,
    3.1816015856068125,
    3.1758397398258857,
    3.1688612195342896,
    3.1625723584367353,
    3.1568481695981836,
    3.151664810218359,
    3.146520695667493,
    3.14195149877797,
    3.134362111449713,
    3.1329447695389097,
    3.1258221888259468,
    3.124150632398402,
    3.1183381693165293,
    3.1141468489122954,
    3.1105054791265796,
    3.105526340808793,
    3.1030772599306973,
    3.0991218985305,
    3.0983798060963745,
    3.092790946658892,
    3.0889809631076255,
    3.0862821269883467,
    3.0847082090943228,
    3.0794273346309136,
    3.076702419477018,
    3.073131341708036,
    3.071320325489572,
    3.069765381191088,
    3.0667896864442485,
    3.065041426142214,
    3.0626946447395054,
    3.059734913671441,
    3.057873313134838,
    3.0540798143907026,
    3.0521172534806924,
    3.049608083581736,
    3.0491609856074033,
    3.0448418087638887,
    3.044594911718557,
    3.041535960826949,
    3.0387235922304536,
    3.037784082616271,
    3.034630837647811,
    3.032863763952444,
    3.0312783407128374,
    3.0293117973644272,
    3.0265848061783984
  ],
  "train_acc": [
    0.03379331777132388,
    0.09131541186143767,
    0.12038214123493506,
    0.1392296913643296,
    0.153410970013594,
    0.1650165242429169,
    0.17628015155825957,
    0.18637487002700148,
    0.19501762217879745,
    0.2023835908643993,
    0.20882067571839144,
    0.21440085180425703,
    0.22005181253334274,
    0.2243064694024273,
    0.2284546730082141,
    0.2324454084814139,
    0.23618048814422796,
    0.23891833378288882,
    0.24182805356378725,
    0.24453149660669193,
    0.24706562504838658,
    0.24925262501689133,
    0.2518710258658034,
    0.2539516206826839,
    0.25543995667552055,
    0.2575601075356935,
    0.25916551572546814,
    0.2604360089340133,
    0.262988667243083,
    0.26343508583870334,
    0.2650487939794581,
    0.26666067662586007,
    0.2680139370335532,
    0.26894647322848747,
    0.2695534033636955,
    0.27055670633179973,
    0.2720831096552903,
    0.27255225070697214,
    0.27410880355428585,
    0.27460945637745904,
    0.27554930554675794,
    0.276152489844533,
    0.2774803637840747,
    0.2777219379949509,
    0.2791378370522392,
    0.2793458664297659,
    0.28054969885281533,
    0.2810005890848282,
    0.2814383503284658,
    0.28260747086642973,
    0.2831275800503467,
    0.2834230764502079,
    0.283932968089303,
    0.28431884158043297,
    0.2852185422455463,
    0.2858270655644552,
    0.2861678103058878,
    0.28690837679989345,
    0.2874623483542047,
    0.2880018314217108,
    0.288461091710285,
    0.28850039482363704,
    0.2889859144635809,
    0.28941872570333,
    0.2897242499505577,
    0.290317718439534,
    0.29023447287289,
    0.29116887305151573,
    0.29145927923632575,
    0.29141855064282035,
    0.29170061838731165,
    0.2926669248531511,
    0.29275954394840265,
    0.29337307912906585,
    0.29380989738390384,
    0.2938616036866716,
    0.2946085319185268,
    0.2946862350203892,
    0.29503598764171113,
    0.2957192091448206,
    0.29628782726714964
  ],
  "valid_loss": [
    4.430463630099629,
    3.9847069341082904,
    3.7588777486668077,
    3.612126721892246,
    3.494228435117145,
    3.4003718342891958,
    3.3251270194386326,
    3.254452017850654,
    3.185664698135021,
    3.12970147576443,
    3.0965282085329986,
    3.0488924397978674,
    3.008785824443019,
    2.9803970054138538,
    2.95030494623406,
    2.9390366105146186,
    2.9017239725866983,
    2.8848549099855645,
    2.8652198176051296,
    2.8518656492233276,
    2.827970321788344,
    2.8232533654501273,
    2.8102939378383547,
    2.79172116933867,
    2.77786353577015,
    2.769868850708008,
    2.7574539240016493,
    2.745459847672041,
    2.741043295971183,
    2.735328510750172,
    2.7318474886029267,
    2.71564687407294,
    2.715743145277334,
    2.7003814730533335,
    2.697331043176873,
    2.6853471550830577,
    2.680856103120848,
    2.6751901743023896,
    2.6686346447745035,
    2.6667341797850854,
    2.669676794562229,
    2.6684663489807483,
    2.6637599191000296,
    2.6494383091150326,
    2.653026594672092,
    2.65114052351131,
    2.648148874903834,
    2.6456138671830645,
    2.638901635657909,
    2.634272661319999,
    2.6370429632275605,
    2.632198685823485,
    2.636814322582511,
    2.6275791096132854,
    2.6222044589907623,
    2.6245710905208144,
    2.61959324603857,
    2.6121444646702257,
    2.6238356911858847,
    2.624098727869433,
    2.6181556596312414,
    2.626186592634334,
    2.623980854832849,
    2.6138328785120053,
    2.608459153840708,
    2.614051386367443,
    2.620675488959911,
    2.625618804332822,
    2.6242030526316444,
    2.6067781697872072,
    2.6038012864977813,
    2.622391395790632,
    2.6166429297868596,
    2.610188877859781,
    2.611800143885058,
    2.6081713438034058,
    2.61296269505523,
    2.611437498137008,
    2.6224556080130643,
    2.615203771480294,
    2.621232822883961
  ],
  "valid_acc": [
    0.09208677682741999,
    0.14571102038455327,
    0.1796898293082886,
    0.20082293976564053,
    0.21844095417008297,
    0.2338740531361807,
    0.24554568317059233,
    0.2569152795635808,
    0.2696301000204979,
    0.2788840778967278,
    0.2838187417697774,
    0.2935548136708656,
    0.30069940878273455,
    0.306072055404927,
    0.3112618027992074,
    0.31328868922834674,
    0.32021898797766346,
    0.3233320357145076,
    0.3266509360713576,
    0.3290537146255714,
    0.33443053459178096,
    0.3347119198857707,
    0.3369620559561966,
    0.34161353902678393,
    0.3436439194183562,
    0.3449803357853185,
    0.3468242016684059,
    0.3494040561798102,
    0.3510155007702246,
    0.3496693304248037,
    0.3509930811779467,
    0.35500715874080696,
    0.35377847288219294,
    0.35835088078910754,
    0.35849216789498856,
    0.3603926650858428,
    0.36092695017454285,
    0.3626581842964247,
    0.36286954475998806,
    0.3635666387926108,
    0.36187376546660704,
    0.3623634540070314,
    0.3633790809481216,
    0.36570414310183114,
    0.3654414650650343,
    0.36523638888112453,
    0.3660937684403573,
    0.3656665344784213,
    0.36717403368645646,
    0.3689552751456594,
    0.3677893835563258,
    0.3688533193807767,
    0.36752236233011576,
    0.3691186178893982,
    0.37055601947612304,
    0.36921290634783094,
    0.3700467744515255,
    0.3719638679639361,
    0.3689000511283169,
    0.3690627144904716,
    0.3706630706028871,
    0.36799069887789454,
    0.37031037450618665,
    0.37121574752161596,
    0.3726509896454482,
    0.3709711458876839,
    0.36929605780100877,
    0.3682953772547704,
    0.3683784801806922,
    0.3725714534728434,
    0.3730013806974881,
    0.3692881721219067,
    0.36994957435773207,
    0.37103556582004077,
    0.37098291374726694,
    0.37149186760832836,
    0.37023069275181375,
    0.3700227777234273,
    0.3685599963818078,
    0.37064666839035476,
    0.3694629430344365
  ],